{
  "0.1": {
    "cv_accuracy": 0.7522793650793652,
    "cv_f1": 0.7509554399354813,
    "test_accuracy": 0.8055555555555556,
    "test_f1": 0.8055375464377966,
    "classification_report": {
      "0": {
        "precision": 0.8068181818181818,
        "recall": 0.797752808988764,
        "f1-score": 0.8022598870056498,
        "support": 89.0
      },
      "1": {
        "precision": 0.8043478260869565,
        "recall": 0.8131868131868132,
        "f1-score": 0.8087431693989071,
        "support": 91.0
      },
      "accuracy": 0.8055555555555556,
      "macro avg": {
        "precision": 0.8055830039525691,
        "recall": 0.8054698110877886,
        "f1-score": 0.8055015282022784,
        "support": 180.0
      },
      "weighted avg": {
        "precision": 0.8055692797540623,
        "recall": 0.8055555555555556,
        "f1-score": 0.8055375464377966,
        "support": 180.0
      }
    }
  },
  "0.2": {
    "cv_accuracy": 0.7869227091633466,
    "cv_f1": 0.7867063740379882,
    "test_accuracy": 0.8050139275766016,
    "test_f1": 0.804559259145071,
    "classification_report": {
      "0": {
        "precision": 0.7715736040609137,
        "recall": 0.8587570621468926,
        "f1-score": 0.8128342245989305,
        "support": 177.0
      },
      "1": {
        "precision": 0.845679012345679,
        "recall": 0.7527472527472527,
        "f1-score": 0.7965116279069767,
        "support": 182.0
      },
      "accuracy": 0.8050139275766016,
      "macro avg": {
        "precision": 0.8086263082032963,
        "recall": 0.8057521574470727,
        "f1-score": 0.8046729262529536,
        "support": 359.0
      },
      "weighted avg": {
        "precision": 0.8091423625785384,
        "recall": 0.8050139275766016,
        "f1-score": 0.804559259145071,
        "support": 359.0
      }
    }
  },
  "0.4": {
    "cv_accuracy": 0.825354072731032,
    "cv_f1": 0.8253038448157379,
    "test_accuracy": 0.8535564853556485,
    "test_f1": 0.853553636731109,
    "classification_report": {
      "0": {
        "precision": 0.8591549295774648,
        "recall": 0.8472222222222222,
        "f1-score": 0.8531468531468531,
        "support": 360.0
      },
      "1": {
        "precision": 0.8480662983425414,
        "recall": 0.8599439775910365,
        "f1-score": 0.8539638386648123,
        "support": 357.0
      },
      "accuracy": 0.8535564853556485,
      "macro avg": {
        "precision": 0.853610613960003,
        "recall": 0.8535830999066294,
        "f1-score": 0.8535553459058327,
        "support": 717.0
      },
      "weighted avg": {
        "precision": 0.8536338119332978,
        "recall": 0.8535564853556485,
        "f1-score": 0.853553636731109,
        "support": 717.0
      }
    }
  },
  "0.6": {
    "cv_accuracy": 0.8399769715464384,
    "cv_f1": 0.8399074006485188,
    "test_accuracy": 0.8187732342007435,
    "test_f1": 0.8185868493236051,
    "classification_report": {
      "0": {
        "precision": 0.8045375218150087,
        "recall": 0.8474264705882353,
        "f1-score": 0.8254252461951657,
        "support": 544.0
      },
      "1": {
        "precision": 0.8349900596421471,
        "recall": 0.7894736842105263,
        "f1-score": 0.8115942028985508,
        "support": 532.0
      },
      "accuracy": 0.8187732342007435,
      "macro avg": {
        "precision": 0.819763790728578,
        "recall": 0.8184500773993808,
        "f1-score": 0.8185097245468582,
        "support": 1076.0
      },
      "weighted avg": {
        "precision": 0.819593981038092,
        "recall": 0.8187732342007435,
        "f1-score": 0.8185868493236051,
        "support": 1076.0
      }
    }
  },
  "0.8": {
    "cv_accuracy": 0.8465192073182841,
    "cv_f1": 0.8464968424598901,
    "test_accuracy": 0.8500697350069735,
    "test_f1": 0.850069662096282,
    "classification_report": {
      "0": {
        "precision": 0.8495821727019499,
        "recall": 0.8507670850767085,
        "f1-score": 0.8501742160278746,
        "support": 717.0
      },
      "1": {
        "precision": 0.8505586592178771,
        "recall": 0.8493723849372385,
        "f1-score": 0.8499651081646895,
        "support": 717.0
      },
      "accuracy": 0.8500697350069735,
      "macro avg": {
        "precision": 0.8500704159599135,
        "recall": 0.8500697350069735,
        "f1-score": 0.850069662096282,
        "support": 1434.0
      },
      "weighted avg": {
        "precision": 0.8500704159599134,
        "recall": 0.8500697350069735,
        "f1-score": 0.850069662096282,
        "support": 1434.0
      }
    }
  },
  "1.0": {
    "cv_accuracy": 0.8533146520774955,
    "cv_f1": 0.853294749426893,
    "test_accuracy": 0.8644729503625209,
    "test_f1": 0.8644726974227064,
    "classification_report": {
      "0": {
        "precision": 0.8657718120805369,
        "recall": 0.862876254180602,
        "f1-score": 0.864321608040201,
        "support": 897.0
      },
      "1": {
        "precision": 0.8631813125695217,
        "recall": 0.8660714285714286,
        "f1-score": 0.8646239554317549,
        "support": 896.0
      },
      "accuracy": 0.8644729503625209,
      "macro avg": {
        "precision": 0.8644765623250292,
        "recall": 0.8644738413760154,
        "f1-score": 0.8644727817359779,
        "support": 1793.0
      },
      "weighted avg": {
        "precision": 0.864477284717531,
        "recall": 0.8644729503625209,
        "f1-score": 0.8644726974227064,
        "support": 1793.0
      }
    }
  }
}